word,sentence_id,lexical_n_letters,grammatical_gender,grammatical_number,grammatical_pos,grammatical_tense,grammatical_person,sequential_posit_from_start,sentential_question,structural_depth_in_tree
the,0,1,,,DT,,,0,False,2.0
woman,0,2,f,sg,N,,3.0,1,False,1.0
plays,0,2,,sg,N,pres,3.0,2,False,0.0
the,1,1,,,DT,,,0,False,2.0
woman,1,2,f,sg,N,,3.0,1,False,1.0
sings,1,2,,sg,N,pres,3.0,2,False,0.0
the,2,1,,,DT,,,0,False,2.0
woman,2,2,f,sg,N,,3.0,1,False,1.0
sneezes,2,3,,sg,N,pres,3.0,2,False,0.0
the,3,1,,,DT,,,0,False,2.0
woman,3,2,f,sg,N,,3.0,1,False,1.0
played,3,2,,,N,past,,2,False,0.0
the,4,1,,,DT,,,0,False,2.0
woman,4,2,f,sg,N,,3.0,1,False,1.0
sang,4,2,,,N,past,,2,False,0.0
the,5,1,,,DT,,,0,False,2.0
woman,5,2,f,sg,N,,3.0,1,False,1.0
sneezed,5,3,,,V,past,,2,False,0.0
the,6,1,,,DT,,,0,False,2.0
woman,6,2,f,sg,N,,3.0,1,False,1.0
falls,6,2,,sg,N,pres,3.0,2,False,0.0
the,7,1,,,DT,,,0,False,2.0
woman,7,2,f,sg,N,,3.0,1,False,1.0
disappears,7,3,,sg,N,pres,3.0,2,False,0.0
the,8,1,,,DT,,,0,False,2.0
woman,8,2,f,sg,N,,3.0,1,False,1.0
vanishes,8,3,,sg,N,pres,3.0,2,False,0.0
the,9,1,,,DT,,,0,False,2.0
woman,9,2,f,sg,N,,3.0,1,False,1.0
fell,9,2,,,V,past,,2,False,0.0
the,10,1,,,DT,,,0,False,2.0
woman,10,2,f,sg,N,,3.0,1,False,1.0
disappeared,10,3,,,V,past,,2,False,0.0
the,11,1,,,DT,,,0,False,2.0
woman,11,2,f,sg,N,,3.0,1,False,1.0
vanished,11,3,,,N,past,,2,False,0.0
the,12,1,,,DT,,,0,False,2.0
man,12,1,m,sg,N,,3.0,1,False,1.0
plays,12,2,,sg,N,pres,3.0,2,False,0.0
the,13,1,,,DT,,,0,False,2.0
man,13,1,m,sg,N,,3.0,1,False,1.0
sings,13,2,,sg,N,pres,3.0,2,False,0.0
the,14,1,,,DT,,,0,False,2.0
man,14,1,m,sg,N,,3.0,1,False,1.0
sneezes,14,3,,sg,N,pres,3.0,2,False,0.0
the,15,1,,,DT,,,0,False,2.0
man,15,1,m,sg,N,,3.0,1,False,1.0
played,15,2,,,N,past,,2,False,0.0
the,16,1,,,DT,,,0,False,2.0
man,16,1,m,sg,N,,3.0,1,False,1.0
sang,16,2,,,N,past,,2,False,0.0
the,17,1,,,DT,,,0,False,2.0
man,17,1,m,sg,N,,3.0,1,False,1.0
sneezed,17,3,,,V,past,,2,False,0.0
the,18,1,,,DT,,,0,False,2.0
man,18,1,m,sg,N,,3.0,1,False,1.0
falls,18,2,,sg,N,pres,3.0,2,False,0.0
the,19,1,,,DT,,,0,False,2.0
man,19,1,m,sg,N,,3.0,1,False,1.0
disappears,19,3,,sg,N,pres,3.0,2,False,0.0
the,20,1,,,DT,,,0,False,2.0
man,20,1,m,sg,N,,3.0,1,False,1.0
vanishes,20,3,,sg,N,pres,3.0,2,False,0.0
the,21,1,,,DT,,,0,False,2.0
man,21,1,m,sg,N,,3.0,1,False,1.0
fell,21,2,,,V,past,,2,False,0.0
the,22,1,,,DT,,,0,False,2.0
man,22,1,m,sg,N,,3.0,1,False,1.0
disappeared,22,3,,,V,past,,2,False,0.0
the,23,1,,,DT,,,0,False,2.0
man,23,1,m,sg,N,,3.0,1,False,1.0
vanished,23,3,,,N,past,,2,False,0.0
the,24,1,,,DT,,,0,False,2.0
women,24,2,f,pl,N,,3.0,1,False,1.0
play,24,2,,pl,N,pres,,2,False,0.0
the,25,1,,,DT,,,0,False,2.0
women,25,2,f,pl,N,,3.0,1,False,1.0
sing,25,2,,pl,V,pres,,2,False,0.0
the,26,1,,,DT,,,0,False,2.0
women,26,2,f,pl,N,,3.0,1,False,1.0
sneeze,26,2,,pl,N,pres,,2,False,0.0
the,27,1,,,DT,,,0,False,2.0
women,27,2,f,pl,N,,3.0,1,False,1.0
played,27,2,,,N,past,,2,False,0.0
the,28,1,,,DT,,,0,False,2.0
women,28,2,f,pl,N,,3.0,1,False,1.0
sang,28,2,,,N,past,,2,False,0.0
the,29,1,,,DT,,,0,False,2.0
women,29,2,f,pl,N,,3.0,1,False,1.0
sneezed,29,3,,,V,past,,2,False,0.0
the,30,1,,,DT,,,0,False,2.0
women,30,2,f,pl,N,,3.0,1,False,1.0
fall,30,2,,pl,N,pres,,2,False,0.0
the,31,1,,,DT,,,0,False,2.0
women,31,2,f,pl,N,,3.0,1,False,1.0
disappear,31,3,,pl,N,pres,,2,False,0.0
the,32,1,,,DT,,,0,False,2.0
women,32,2,f,pl,N,,3.0,1,False,1.0
vanish,32,2,,pl,N,pres,,2,False,0.0
the,33,1,,,DT,,,0,False,2.0
women,33,2,f,pl,N,,3.0,1,False,1.0
fell,33,2,,,V,past,,2,False,0.0
the,34,1,,,DT,,,0,False,2.0
women,34,2,f,pl,N,,3.0,1,False,1.0
disappeared,34,3,,,V,past,,2,False,0.0
the,35,1,,,DT,,,0,False,2.0
women,35,2,f,pl,N,,3.0,1,False,1.0
vanished,35,3,,,N,past,,2,False,0.0
the,36,1,,,DT,,,0,False,2.0
men,36,1,m,pl,N,,3.0,1,False,1.0
play,36,2,,pl,N,pres,,2,False,0.0
the,37,1,,,DT,,,0,False,2.0
men,37,1,m,pl,N,,3.0,1,False,1.0
sing,37,2,,pl,V,pres,,2,False,0.0
the,38,1,,,DT,,,0,False,2.0
men,38,1,m,pl,N,,3.0,1,False,1.0
sneeze,38,2,,pl,N,pres,,2,False,0.0
the,39,1,,,DT,,,0,False,2.0
men,39,1,m,pl,N,,3.0,1,False,1.0
played,39,2,,,N,past,,2,False,0.0
the,40,1,,,DT,,,0,False,2.0
men,40,1,m,pl,N,,3.0,1,False,1.0
sang,40,2,,,N,past,,2,False,0.0
the,41,1,,,DT,,,0,False,2.0
men,41,1,m,pl,N,,3.0,1,False,1.0
sneezed,41,3,,,V,past,,2,False,0.0
the,42,1,,,DT,,,0,False,2.0
men,42,1,m,pl,N,,3.0,1,False,1.0
fall,42,2,,pl,N,pres,,2,False,0.0
the,43,1,,,DT,,,0,False,2.0
men,43,1,m,pl,N,,3.0,1,False,1.0
disappear,43,3,,pl,N,pres,,2,False,0.0
the,44,1,,,DT,,,0,False,2.0
men,44,1,m,pl,N,,3.0,1,False,1.0
vanish,44,2,,pl,N,pres,,2,False,0.0
the,45,1,,,DT,,,0,False,2.0
men,45,1,m,pl,N,,3.0,1,False,1.0
fell,45,2,,,V,past,,2,False,0.0
the,46,1,,,DT,,,0,False,2.0
men,46,1,m,pl,N,,3.0,1,False,1.0
disappeared,46,3,,,V,past,,2,False,0.0
the,47,1,,,DT,,,0,False,2.0
men,47,1,m,pl,N,,3.0,1,False,1.0
vanished,47,3,,,N,past,,2,False,0.0
the,48,1,,,DT,,,0,False,2.0
book,48,2,,sg,N,,3.0,1,False,1.0
falls,48,2,,sg,N,pres,3.0,2,False,0.0
the,49,1,,,DT,,,0,False,2.0
book,49,2,,sg,N,,3.0,1,False,1.0
disappears,49,3,,sg,N,pres,3.0,2,False,0.0
the,50,1,,,DT,,,0,False,1.0
book,50,2,,sg,N,,3.0,1,False,1.0
vanishes,50,3,,sg,N,pres,3.0,2,False,0.0
the,51,1,,,DT,,,0,False,2.0
book,51,2,,sg,N,,3.0,1,False,1.0
fell,51,2,,,V,past,,2,False,0.0
the,52,1,,,DT,,,0,False,2.0
book,52,2,,sg,N,,3.0,1,False,1.0
disappeared,52,3,,,V,past,,2,False,0.0
the,53,1,,,DT,,,0,False,2.0
book,53,2,,sg,N,,3.0,1,False,1.0
vanished,53,3,,,N,past,,2,False,0.0
the,54,1,,,DT,,,0,False,2.0
books,54,2,,pl,N,,3.0,1,False,1.0
fall,54,2,,pl,N,pres,,2,False,0.0
the,55,1,,,DT,,,0,False,2.0
books,55,2,,pl,N,,3.0,1,False,1.0
disappear,55,3,,pl,N,pres,,2,False,0.0
the,56,1,,,DT,,,0,False,2.0
books,56,2,,pl,N,,3.0,1,False,1.0
vanish,56,2,,pl,N,pres,,2,False,0.0
the,57,1,,,DT,,,0,False,2.0
books,57,2,,pl,N,,3.0,1,False,1.0
fell,57,2,,,V,past,,2,False,0.0
the,58,1,,,DT,,,0,False,2.0
books,58,2,,pl,N,,3.0,1,False,1.0
disappeared,58,3,,,V,past,,2,False,0.0
the,59,1,,,DT,,,0,False,2.0
books,59,2,,pl,N,,3.0,1,False,1.0
vanished,59,3,,,N,past,,2,False,0.0
I,60,1,,sg,PRP,,1.0,0,False,1.0
play,60,2,,sg,N,pres,1.0,1,False,0.0
I,61,1,,sg,PRP,,1.0,0,False,1.0
sing,61,2,,sg,V,pres,1.0,1,False,0.0
I,62,1,,sg,PRP,,1.0,0,False,1.0
sneeze,62,2,,sg,N,pres,1.0,1,False,0.0
I,63,1,,sg,PRP,,1.0,0,False,1.0
played,63,2,,,N,past,,1,False,0.0
I,64,1,,sg,PRP,,1.0,0,False,1.0
sang,64,2,,,N,past,,1,False,0.0
I,65,1,,sg,PRP,,1.0,0,False,1.0
sneezed,65,3,,,V,past,,1,False,0.0
I,66,1,,sg,PRP,,1.0,0,False,1.0
fall,66,2,,sg,N,pres,1.0,1,False,0.0
I,67,1,,sg,PRP,,1.0,0,False,1.0
disappear,67,3,,sg,N,pres,1.0,1,False,0.0
I,68,1,,sg,PRP,,1.0,0,False,1.0
vanish,68,2,,sg,N,pres,1.0,1,False,0.0
I,69,1,,sg,PRP,,1.0,0,False,1.0
fell,69,2,,,V,past,,1,False,0.0
I,70,1,,sg,PRP,,1.0,0,False,1.0
disappeared,70,3,,,V,past,,1,False,0.0
I,71,1,,sg,PRP,,1.0,0,False,1.0
vanished,71,3,,,N,past,,1,False,0.0
you,72,1,,,PRP,,2.0,0,False,1.0
play,72,2,,pl,N,pres,,1,False,0.0
you,73,1,,,PRP,,2.0,0,False,1.0
play,73,2,,sg,N,pres,2.0,1,False,0.0
you,74,1,,,PRP,,2.0,0,False,1.0
sing,74,2,,pl,V,pres,,1,False,0.0
you,75,1,,,PRP,,2.0,0,False,1.0
sing,75,2,,sg,V,pres,2.0,1,False,0.0
you,76,1,,,PRP,,2.0,0,False,1.0
sneeze,76,2,,pl,N,pres,,1,False,0.0
you,77,1,,,PRP,,2.0,0,False,1.0
sneeze,77,2,,sg,N,pres,2.0,1,False,0.0
you,78,1,,,PRP,,2.0,0,False,1.0
played,78,2,,,N,past,,1,False,0.0
you,79,1,,,PRP,,2.0,0,False,1.0
sang,79,2,,,N,past,,1,False,0.0
you,80,1,,,PRP,,2.0,0,False,1.0
sneezed,80,3,,,V,past,,1,False,0.0
you,81,1,,,PRP,,2.0,0,False,1.0
fall,81,2,,pl,N,pres,,1,False,0.0
you,82,1,,,PRP,,2.0,0,False,1.0
fall,82,2,,sg,N,pres,2.0,1,False,0.0
you,83,1,,,PRP,,2.0,0,False,1.0
disappear,83,3,,pl,N,pres,,1,False,0.0
you,84,1,,,PRP,,2.0,0,False,1.0
disappear,84,3,,sg,N,pres,2.0,1,False,0.0
you,85,1,,,PRP,,2.0,0,False,1.0
vanish,85,2,,pl,N,pres,,1,False,0.0
you,86,1,,,PRP,,2.0,0,False,1.0
vanish,86,2,,sg,N,pres,2.0,1,False,0.0
you,87,1,,,PRP,,2.0,0,False,1.0
fell,87,2,,,V,past,,1,False,0.0
you,88,1,,,PRP,,2.0,0,False,1.0
disappeared,88,3,,,V,past,,1,False,0.0
you,89,1,,,PRP,,2.0,0,False,1.0
vanished,89,3,,,N,past,,1,False,0.0
he,90,1,m,sg,PRP,,3.0,0,False,1.0
plays,90,2,,sg,N,pres,3.0,1,False,0.0
he,91,1,m,sg,PRP,,3.0,0,False,1.0
sings,91,2,,sg,N,pres,3.0,1,False,0.0
he,92,1,m,sg,PRP,,3.0,0,False,1.0
sneezes,92,3,,sg,N,pres,3.0,1,False,0.0
he,93,1,m,sg,PRP,,3.0,0,False,1.0
played,93,2,,,N,past,,1,False,0.0
he,94,1,m,sg,PRP,,3.0,0,False,1.0
sang,94,2,,,N,past,,1,False,0.0
he,95,1,m,sg,PRP,,3.0,0,False,1.0
sneezed,95,3,,,V,past,,1,False,0.0
he,96,1,m,sg,PRP,,3.0,0,False,1.0
falls,96,2,,sg,N,pres,3.0,1,False,0.0
he,97,1,m,sg,PRP,,3.0,0,False,1.0
disappears,97,3,,sg,N,pres,3.0,1,False,0.0
he,98,1,m,sg,PRP,,3.0,0,False,1.0
vanishes,98,3,,sg,N,pres,3.0,1,False,0.0
he,99,1,m,sg,PRP,,3.0,0,False,1.0
fell,99,2,,,V,past,,1,False,0.0
he,100,1,m,sg,PRP,,3.0,0,False,1.0
disappeared,100,3,,,V,past,,1,False,0.0
he,101,1,m,sg,PRP,,3.0,0,False,1.0
vanished,101,3,,,N,past,,1,False,0.0
she,102,1,f,sg,PRP,,3.0,0,False,1.0
plays,102,2,,sg,N,pres,3.0,1,False,0.0
she,103,1,f,sg,PRP,,3.0,0,False,1.0
sings,103,2,,sg,N,pres,3.0,1,False,0.0
she,104,1,f,sg,PRP,,3.0,0,False,1.0
sneezes,104,3,,sg,N,pres,3.0,1,False,0.0
she,105,1,f,sg,PRP,,3.0,0,False,1.0
played,105,2,,,N,past,,1,False,0.0
she,106,1,f,sg,PRP,,3.0,0,False,1.0
sang,106,2,,,N,past,,1,False,0.0
she,107,1,f,sg,PRP,,3.0,0,False,1.0
sneezed,107,3,,,V,past,,1,False,0.0
she,108,1,f,sg,PRP,,3.0,0,False,1.0
falls,108,2,,sg,N,pres,3.0,1,False,0.0
she,109,1,f,sg,PRP,,3.0,0,False,1.0
disappears,109,3,,sg,N,pres,3.0,1,False,0.0
she,110,1,f,sg,PRP,,3.0,0,False,1.0
vanishes,110,3,,sg,N,pres,3.0,1,False,0.0
she,111,1,f,sg,PRP,,3.0,0,False,1.0
fell,111,2,,,V,past,,1,False,0.0
she,112,1,f,sg,PRP,,3.0,0,False,1.0
disappeared,112,3,,,V,past,,1,False,0.0
she,113,1,f,sg,PRP,,3.0,0,False,1.0
vanished,113,3,,,N,past,,1,False,0.0
it,114,1,,sg,PRP,,3.0,0,False,1.0
falls,114,2,,sg,N,pres,3.0,1,False,0.0
it,115,1,,sg,PRP,,3.0,0,False,1.0
disappears,115,3,,sg,N,pres,3.0,1,False,0.0
it,116,1,,sg,PRP,,3.0,0,False,1.0
vanishes,116,3,,sg,N,pres,3.0,1,False,0.0
it,117,1,,sg,PRP,,3.0,0,False,1.0
fell,117,2,,,V,past,,1,False,0.0
it,118,1,,sg,PRP,,3.0,0,False,1.0
disappeared,118,3,,,V,past,,1,False,0.0
it,119,1,,sg,PRP,,3.0,0,False,1.0
vanished,119,3,,,N,past,,1,False,0.0
we,120,1,,pl,PRP,,1.0,0,False,1.0
play,120,2,,pl,N,pres,,1,False,0.0
we,121,1,,pl,PRP,,1.0,0,False,1.0
sing,121,2,,pl,V,pres,,1,False,0.0
we,122,1,,pl,PRP,,1.0,0,False,1.0
sneeze,122,2,,pl,N,pres,,1,False,0.0
we,123,1,,pl,PRP,,1.0,0,False,1.0
played,123,2,,,N,past,,1,False,0.0
we,124,1,,pl,PRP,,1.0,0,False,1.0
sang,124,2,,,N,past,,1,False,0.0
we,125,1,,pl,PRP,,1.0,0,False,1.0
sneezed,125,3,,,V,past,,1,False,0.0
we,126,1,,pl,PRP,,1.0,0,False,1.0
fall,126,2,,pl,N,pres,,1,False,0.0
we,127,1,,pl,PRP,,1.0,0,False,1.0
disappear,127,3,,pl,N,pres,,1,False,0.0
we,128,1,,pl,PRP,,1.0,0,False,1.0
vanish,128,2,,pl,N,pres,,1,False,0.0
we,129,1,,pl,PRP,,1.0,0,False,1.0
fell,129,2,,,V,past,,1,False,0.0
we,130,1,,pl,PRP,,1.0,0,False,1.0
disappeared,130,3,,,V,past,,1,False,0.0
we,131,1,,pl,PRP,,1.0,0,False,1.0
vanished,131,3,,,N,past,,1,False,0.0
they,132,2,,pl,PRP,,3.0,0,False,1.0
play,132,2,,pl,N,pres,,1,False,0.0
they,133,2,,pl,PRP,,3.0,0,False,1.0
sing,133,2,,pl,V,pres,,1,False,0.0
they,134,2,,pl,PRP,,3.0,0,False,1.0
sneeze,134,2,,pl,N,pres,,1,False,0.0
they,135,2,,pl,PRP,,3.0,0,False,1.0
played,135,2,,,N,past,,1,False,0.0
they,136,2,,pl,PRP,,3.0,0,False,1.0
sang,136,2,,,N,past,,1,False,0.0
they,137,2,,pl,PRP,,3.0,0,False,1.0
sneezed,137,3,,,V,past,,1,False,0.0
they,138,2,,pl,PRP,,3.0,0,False,1.0
fall,138,2,,pl,N,pres,,1,False,0.0
they,139,2,,pl,PRP,,3.0,0,False,1.0
disappear,139,3,,pl,N,pres,,1,False,0.0
they,140,2,,pl,PRP,,3.0,0,False,1.0
vanish,140,2,,pl,N,pres,,1,False,0.0
they,141,2,,pl,PRP,,3.0,0,False,1.0
fell,141,2,,,V,past,,1,False,0.0
they,142,2,,pl,PRP,,3.0,0,False,1.0
disappeared,142,3,,,V,past,,1,False,0.0
they,143,2,,pl,PRP,,3.0,0,False,1.0
vanished,143,3,,,N,past,,1,False,0.0
every,144,2,,sg,DT,,,0,False,2.0
woman,144,2,f,sg,N,,3.0,1,False,1.0
plays,144,2,,sg,N,pres,3.0,2,False,0.0
every,145,2,,sg,DT,,,0,False,2.0
woman,145,2,f,sg,N,,3.0,1,False,1.0
sings,145,2,,sg,N,pres,3.0,2,False,0.0
every,146,2,,sg,DT,,,0,False,2.0
woman,146,2,f,sg,N,,3.0,1,False,1.0
sneezes,146,3,,sg,N,pres,3.0,2,False,0.0
every,147,2,,sg,DT,,,0,False,2.0
woman,147,2,f,sg,N,,3.0,1,False,1.0
played,147,2,,,N,past,,2,False,0.0
every,148,2,,sg,DT,,,0,False,2.0
woman,148,2,f,sg,N,,3.0,1,False,1.0
sang,148,2,,,N,past,,2,False,0.0
every,149,2,,sg,DT,,,0,False,2.0
woman,149,2,f,sg,N,,3.0,1,False,1.0
sneezed,149,3,,,V,past,,2,False,0.0
every,150,2,,sg,DT,,,0,False,2.0
woman,150,2,f,sg,N,,3.0,1,False,1.0
falls,150,2,,sg,N,pres,3.0,2,False,0.0
every,151,2,,sg,DT,,,0,False,2.0
woman,151,2,f,sg,N,,3.0,1,False,1.0
disappears,151,3,,sg,N,pres,3.0,2,False,0.0
every,152,2,,sg,DT,,,0,False,2.0
woman,152,2,f,sg,N,,3.0,1,False,1.0
vanishes,152,3,,sg,N,pres,3.0,2,False,0.0
every,153,2,,sg,DT,,,0,False,2.0
woman,153,2,f,sg,N,,3.0,1,False,1.0
fell,153,2,,,V,past,,2,False,0.0
every,154,2,,sg,DT,,,0,False,2.0
woman,154,2,f,sg,N,,3.0,1,False,1.0
disappeared,154,3,,,V,past,,2,False,0.0
every,155,2,,sg,DT,,,0,False,2.0
woman,155,2,f,sg,N,,3.0,1,False,1.0
vanished,155,3,,,N,past,,2,False,0.0
every,156,2,,sg,DT,,,0,False,2.0
man,156,1,m,sg,N,,3.0,1,False,1.0
plays,156,2,,sg,N,pres,3.0,2,False,0.0
every,157,2,,sg,DT,,,0,False,2.0
man,157,1,m,sg,N,,3.0,1,False,1.0
sings,157,2,,sg,N,pres,3.0,2,False,0.0
every,158,2,,sg,DT,,,0,False,2.0
man,158,1,m,sg,N,,3.0,1,False,1.0
sneezes,158,3,,sg,N,pres,3.0,2,False,0.0
every,159,2,,sg,DT,,,0,False,2.0
man,159,1,m,sg,N,,3.0,1,False,1.0
played,159,2,,,N,past,,2,False,0.0
every,160,2,,sg,DT,,,0,False,2.0
man,160,1,m,sg,N,,3.0,1,False,1.0
sang,160,2,,,N,past,,2,False,0.0
every,161,2,,sg,DT,,,0,False,2.0
man,161,1,m,sg,N,,3.0,1,False,1.0
sneezed,161,3,,,V,past,,2,False,0.0
every,162,2,,sg,DT,,,0,False,2.0
man,162,1,m,sg,N,,3.0,1,False,1.0
falls,162,2,,sg,N,pres,3.0,2,False,0.0
every,163,2,,sg,DT,,,0,False,2.0
man,163,1,m,sg,N,,3.0,1,False,1.0
disappears,163,3,,sg,N,pres,3.0,2,False,0.0
every,164,2,,sg,DT,,,0,False,2.0
man,164,1,m,sg,N,,3.0,1,False,1.0
vanishes,164,3,,sg,N,pres,3.0,2,False,0.0
every,165,2,,sg,DT,,,0,False,2.0
man,165,1,m,sg,N,,3.0,1,False,1.0
fell,165,2,,,V,past,,2,False,0.0
every,166,2,,sg,DT,,,0,False,2.0
man,166,1,m,sg,N,,3.0,1,False,1.0
disappeared,166,3,,,V,past,,2,False,0.0
every,167,2,,sg,DT,,,0,False,2.0
man,167,1,m,sg,N,,3.0,1,False,1.0
vanished,167,3,,,N,past,,2,False,0.0
every,168,2,,sg,DT,,,0,False,2.0
book,168,2,,sg,N,,3.0,1,False,1.0
falls,168,2,,sg,N,pres,3.0,2,False,0.0
every,169,2,,sg,DT,,,0,False,2.0
book,169,2,,sg,N,,3.0,1,False,1.0
disappears,169,3,,sg,N,pres,3.0,2,False,0.0
every,170,2,,sg,DT,,,0,False,1.0
book,170,2,,sg,N,,3.0,1,False,1.0
vanishes,170,3,,sg,N,pres,3.0,2,False,0.0
every,171,2,,sg,DT,,,0,False,2.0
book,171,2,,sg,N,,3.0,1,False,1.0
fell,171,2,,,V,past,,2,False,0.0
every,172,2,,sg,DT,,,0,False,2.0
book,172,2,,sg,N,,3.0,1,False,1.0
disappeared,172,3,,,V,past,,2,False,0.0
every,173,2,,sg,DT,,,0,False,2.0
book,173,2,,sg,N,,3.0,1,False,1.0
vanished,173,3,,,N,past,,2,False,0.0
all,174,1,,pl,DT,,,0,False,2.0
women,174,2,f,pl,N,,3.0,1,False,1.0
play,174,2,,pl,N,pres,,2,False,0.0
all,175,1,,pl,DT,,,0,False,2.0
women,175,2,f,pl,N,,3.0,1,False,1.0
sing,175,2,,pl,V,pres,,2,False,0.0
all,176,1,,pl,DT,,,0,False,2.0
women,176,2,f,pl,N,,3.0,1,False,1.0
sneeze,176,2,,pl,N,pres,,2,False,0.0
all,177,1,,pl,DT,,,0,False,2.0
women,177,2,f,pl,N,,3.0,1,False,1.0
played,177,2,,,N,past,,2,False,0.0
all,178,1,,pl,DT,,,0,False,2.0
women,178,2,f,pl,N,,3.0,1,False,1.0
sang,178,2,,,N,past,,2,False,0.0
all,179,1,,pl,DT,,,0,False,2.0
women,179,2,f,pl,N,,3.0,1,False,1.0
sneezed,179,3,,,V,past,,2,False,0.0
all,180,1,,pl,DT,,,0,False,2.0
women,180,2,f,pl,N,,3.0,1,False,1.0
fall,180,2,,pl,N,pres,,2,False,0.0
all,181,1,,pl,DT,,,0,False,2.0
women,181,2,f,pl,N,,3.0,1,False,1.0
disappear,181,3,,pl,N,pres,,2,False,0.0
all,182,1,,pl,DT,,,0,False,2.0
women,182,2,f,pl,N,,3.0,1,False,1.0
vanish,182,2,,pl,N,pres,,2,False,0.0
all,183,1,,pl,DT,,,0,False,2.0
women,183,2,f,pl,N,,3.0,1,False,1.0
fell,183,2,,,V,past,,2,False,0.0
all,184,1,,pl,DT,,,0,False,2.0
women,184,2,f,pl,N,,3.0,1,False,1.0
disappeared,184,3,,,V,past,,2,False,0.0
all,185,1,,pl,DT,,,0,False,2.0
women,185,2,f,pl,N,,3.0,1,False,1.0
vanished,185,3,,,N,past,,2,False,0.0
all,186,1,,pl,DT,,,0,False,2.0
men,186,1,m,pl,N,,3.0,1,False,1.0
play,186,2,,pl,N,pres,,2,False,0.0
all,187,1,,pl,DT,,,0,False,2.0
men,187,1,m,pl,N,,3.0,1,False,1.0
sing,187,2,,pl,V,pres,,2,False,0.0
all,188,1,,pl,DT,,,0,False,2.0
men,188,1,m,pl,N,,3.0,1,False,1.0
sneeze,188,2,,pl,N,pres,,2,False,0.0
all,189,1,,pl,DT,,,0,False,2.0
men,189,1,m,pl,N,,3.0,1,False,1.0
played,189,2,,,N,past,,2,False,0.0
all,190,1,,pl,DT,,,0,False,2.0
men,190,1,m,pl,N,,3.0,1,False,1.0
sang,190,2,,,N,past,,2,False,0.0
all,191,1,,pl,DT,,,0,False,2.0
men,191,1,m,pl,N,,3.0,1,False,1.0
sneezed,191,3,,,V,past,,2,False,0.0
all,192,1,,pl,DT,,,0,False,2.0
men,192,1,m,pl,N,,3.0,1,False,1.0
fall,192,2,,pl,N,pres,,2,False,0.0
all,193,1,,pl,DT,,,0,False,2.0
men,193,1,m,pl,N,,3.0,1,False,1.0
disappear,193,3,,pl,N,pres,,2,False,0.0
all,194,1,,pl,DT,,,0,False,2.0
men,194,1,m,pl,N,,3.0,1,False,1.0
vanish,194,2,,pl,N,pres,,2,False,0.0
all,195,1,,pl,DT,,,0,False,2.0
men,195,1,m,pl,N,,3.0,1,False,1.0
fell,195,2,,,V,past,,2,False,0.0
all,196,1,,pl,DT,,,0,False,2.0
men,196,1,m,pl,N,,3.0,1,False,1.0
disappeared,196,3,,,V,past,,2,False,0.0
all,197,1,,pl,DT,,,0,False,2.0
men,197,1,m,pl,N,,3.0,1,False,1.0
vanished,197,3,,,N,past,,2,False,0.0
all,198,1,,pl,DT,,,0,False,2.0
books,198,2,,pl,N,,3.0,1,False,1.0
fall,198,2,,pl,N,pres,,2,False,0.0
all,199,1,,pl,DT,,,0,False,2.0
books,199,2,,pl,N,,3.0,1,False,1.0
disappear,199,3,,pl,N,pres,,2,False,0.0
all,200,1,,pl,DT,,,0,False,2.0
books,200,2,,pl,N,,3.0,1,False,1.0
vanish,200,2,,pl,N,pres,,2,False,0.0
all,201,1,,pl,DT,,,0,False,2.0
books,201,2,,pl,N,,3.0,1,False,1.0
fell,201,2,,,V,past,,2,False,0.0
all,202,1,,pl,DT,,,0,False,2.0
books,202,2,,pl,N,,3.0,1,False,1.0
disappeared,202,3,,,V,past,,2,False,0.0
all,203,1,,pl,DT,,,0,False,2.0
books,203,2,,pl,N,,3.0,1,False,1.0
vanished,203,3,,,N,past,,2,False,0.0
Mary,204,2,f,sg,N,,3.0,0,False,1.0
plays,204,2,,sg,N,pres,3.0,1,False,0.0
Mary,205,2,f,sg,N,,3.0,0,False,1.0
sings,205,2,,sg,N,pres,3.0,1,False,0.0
Mary,206,2,f,sg,N,,3.0,0,False,1.0
sneezes,206,3,,sg,N,pres,3.0,1,False,0.0
Mary,207,2,f,sg,N,,3.0,0,False,1.0
played,207,2,,,N,past,,1,False,0.0
Mary,208,2,f,sg,N,,3.0,0,False,1.0
sang,208,2,,,N,past,,1,False,0.0
Mary,209,2,f,sg,N,,3.0,0,False,1.0
sneezed,209,3,,,V,past,,1,False,0.0
Mary,210,2,f,sg,N,,3.0,0,False,1.0
falls,210,2,,sg,N,pres,3.0,1,False,0.0
Mary,211,2,f,sg,N,,3.0,0,False,1.0
disappears,211,3,,sg,N,pres,3.0,1,False,0.0
Mary,212,2,f,sg,N,,3.0,0,False,1.0
vanishes,212,3,,sg,N,pres,3.0,1,False,0.0
Mary,213,2,f,sg,N,,3.0,0,False,1.0
fell,213,2,,,V,past,,1,False,0.0
Mary,214,2,f,sg,N,,3.0,0,False,1.0
disappeared,214,3,,,V,past,,1,False,0.0
Mary,215,2,f,sg,N,,3.0,0,False,1.0
vanished,215,3,,,N,past,,1,False,0.0
John,216,2,m,sg,N,,3.0,0,False,1.0
plays,216,2,,sg,N,pres,3.0,1,False,0.0
John,217,2,m,sg,N,,3.0,0,False,1.0
sings,217,2,,sg,N,pres,3.0,1,False,0.0
John,218,2,m,sg,N,,3.0,0,False,1.0
sneezes,218,3,,sg,N,pres,3.0,1,False,0.0
John,219,2,m,sg,N,,3.0,0,False,1.0
played,219,2,,,N,past,,1,False,0.0
John,220,2,m,sg,N,,3.0,0,False,1.0
sang,220,2,,,N,past,,1,False,0.0
John,221,2,m,sg,N,,3.0,0,False,1.0
sneezed,221,3,,,V,past,,1,False,0.0
John,222,2,m,sg,N,,3.0,0,False,1.0
falls,222,2,,sg,N,pres,3.0,1,False,0.0
John,223,2,m,sg,N,,3.0,0,False,1.0
disappears,223,3,,sg,N,pres,3.0,1,False,0.0
John,224,2,m,sg,N,,3.0,0,False,1.0
vanishes,224,3,,sg,N,pres,3.0,1,False,0.0
John,225,2,m,sg,N,,3.0,0,False,1.0
fell,225,2,,,V,past,,1,False,0.0
John,226,2,m,sg,N,,3.0,0,False,1.0
disappeared,226,3,,,V,past,,1,False,0.0
John,227,2,m,sg,N,,3.0,0,False,1.0
vanished,227,3,,,N,past,,1,False,0.0
do,228,1,,sg,Aux,pres,1.0,0,True,1.0
I,228,1,,sg,PRP,,1.0,1,True,1.0
play,228,2,,sg,N,pres,1.0,2,True,0.0
?,228,1,,,.,,,3,True,1.0
do,229,1,,sg,Aux,pres,1.0,0,True,1.0
I,229,1,,sg,PRP,,1.0,1,True,1.0
sing,229,2,,sg,V,pres,1.0,2,True,0.0
?,229,1,,,.,,,3,True,1.0
do,230,1,,sg,Aux,pres,1.0,0,True,1.0
I,230,1,,sg,PRP,,1.0,1,True,1.0
sneeze,230,2,,sg,N,pres,1.0,2,True,0.0
?,230,1,,,.,,,3,True,1.0
do,231,1,,sg,Aux,pres,1.0,0,True,1.0
I,231,1,,sg,PRP,,1.0,1,True,1.0
fall,231,2,,sg,N,pres,1.0,2,True,0.0
?,231,1,,,.,,,3,True,1.0
do,232,1,,sg,Aux,pres,1.0,0,True,1.0
I,232,1,,sg,PRP,,1.0,1,True,1.0
disappear,232,3,,sg,N,pres,1.0,2,True,0.0
?,232,1,,,.,,,3,True,1.0
do,233,1,,sg,Aux,pres,1.0,0,True,1.0
I,233,1,,sg,PRP,,1.0,1,True,1.0
vanish,233,2,,sg,N,pres,1.0,2,True,0.0
?,233,1,,,.,,,3,True,1.0
do,234,1,,pl,Aux,pres,,0,True,1.0
you,234,1,,,PRP,,2.0,1,True,1.0
play,234,2,,pl,N,pres,,2,True,0.0
?,234,1,,,.,,,3,True,1.0
do,235,1,,sg,Aux,pres,2.0,0,True,1.0
you,235,1,,,PRP,,2.0,1,True,1.0
play,235,2,,sg,N,pres,1.0,2,True,0.0
?,235,1,,,.,,,3,True,1.0
do,236,1,,pl,Aux,pres,,0,True,1.0
you,236,1,,,PRP,,2.0,1,True,1.0
sing,236,2,,pl,V,pres,,2,True,0.0
?,236,1,,,.,,,3,True,1.0
do,237,1,,sg,Aux,pres,2.0,0,True,1.0
you,237,1,,,PRP,,2.0,1,True,1.0
sing,237,2,,sg,V,pres,1.0,2,True,0.0
?,237,1,,,.,,,3,True,1.0
do,238,1,,pl,Aux,pres,,0,True,1.0
you,238,1,,,PRP,,2.0,1,True,1.0
sneeze,238,2,,pl,N,pres,,2,True,0.0
?,238,1,,,.,,,3,True,1.0
do,239,1,,sg,Aux,pres,2.0,0,True,1.0
you,239,1,,,PRP,,2.0,1,True,1.0
sneeze,239,2,,sg,N,pres,1.0,2,True,0.0
?,239,1,,,.,,,3,True,1.0
do,240,1,,pl,Aux,pres,,0,True,1.0
you,240,1,,,PRP,,2.0,1,True,1.0
fall,240,2,,pl,N,pres,,2,True,0.0
?,240,1,,,.,,,3,True,1.0
do,241,1,,sg,Aux,pres,2.0,0,True,1.0
you,241,1,,,PRP,,2.0,1,True,1.0
fall,241,2,,sg,N,pres,1.0,2,True,0.0
?,241,1,,,.,,,3,True,1.0
do,242,1,,pl,Aux,pres,,0,True,1.0
you,242,1,,,PRP,,2.0,1,True,1.0
disappear,242,3,,pl,N,pres,,2,True,0.0
?,242,1,,,.,,,3,True,1.0
do,243,1,,sg,Aux,pres,2.0,0,True,1.0
you,243,1,,,PRP,,2.0,1,True,1.0
disappear,243,3,,sg,N,pres,1.0,2,True,0.0
?,243,1,,,.,,,3,True,1.0
do,244,1,,pl,Aux,pres,,0,True,1.0
you,244,1,,,PRP,,2.0,1,True,1.0
vanish,244,2,,pl,N,pres,,2,True,0.0
?,244,1,,,.,,,3,True,1.0
do,245,1,,sg,Aux,pres,2.0,0,True,1.0
you,245,1,,,PRP,,2.0,1,True,1.0
vanish,245,2,,sg,N,pres,1.0,2,True,0.0
?,245,1,,,.,,,3,True,1.0
do,246,1,,pl,Aux,pres,,0,True,1.0
we,246,1,,pl,PRP,,1.0,1,True,1.0
play,246,2,,pl,N,pres,,2,True,0.0
?,246,1,,,.,,,3,True,1.0
do,247,1,,pl,Aux,pres,,0,True,1.0
we,247,1,,pl,PRP,,1.0,1,True,1.0
sing,247,2,,pl,V,pres,,2,True,0.0
?,247,1,,,.,,,3,True,1.0
do,248,1,,pl,Aux,pres,,0,True,1.0
we,248,1,,pl,PRP,,1.0,1,True,1.0
sneeze,248,2,,pl,N,pres,,2,True,0.0
?,248,1,,,.,,,3,True,1.0
do,249,1,,pl,Aux,pres,,0,True,1.0
we,249,1,,pl,PRP,,1.0,1,True,1.0
fall,249,2,,pl,N,pres,,2,True,0.0
?,249,1,,,.,,,3,True,1.0
do,250,1,,pl,Aux,pres,,0,True,1.0
we,250,1,,pl,PRP,,1.0,1,True,1.0
disappear,250,3,,pl,N,pres,,2,True,0.0
?,250,1,,,.,,,3,True,1.0
do,251,1,,pl,Aux,pres,,0,True,1.0
we,251,1,,pl,PRP,,1.0,1,True,1.0
vanish,251,2,,pl,N,pres,,2,True,0.0
?,251,1,,,.,,,3,True,1.0
do,252,1,,pl,Aux,pres,,0,True,1.0
they,252,2,,pl,PRP,,3.0,1,True,1.0
play,252,2,,pl,N,pres,,2,True,0.0
?,252,1,,,.,,,3,True,1.0
do,253,1,,pl,Aux,pres,,0,True,1.0
they,253,2,,pl,PRP,,3.0,1,True,1.0
sing,253,2,,pl,V,pres,,2,True,0.0
?,253,1,,,.,,,3,True,1.0
do,254,1,,pl,Aux,pres,,0,True,1.0
they,254,2,,pl,PRP,,3.0,1,True,1.0
sneeze,254,2,,pl,N,pres,,2,True,0.0
?,254,1,,,.,,,3,True,1.0
do,255,1,,pl,Aux,pres,,0,True,1.0
they,255,2,,pl,PRP,,3.0,1,True,1.0
fall,255,2,,pl,N,pres,,2,True,0.0
?,255,1,,,.,,,3,True,1.0
do,256,1,,pl,Aux,pres,,0,True,1.0
they,256,2,,pl,PRP,,3.0,1,True,1.0
disappear,256,3,,pl,N,pres,,2,True,0.0
?,256,1,,,.,,,3,True,1.0
do,257,1,,pl,Aux,pres,,0,True,1.0
they,257,2,,pl,PRP,,3.0,1,True,1.0
vanish,257,2,,pl,N,pres,,2,True,0.0
?,257,1,,,.,,,3,True,1.0
does,258,2,,sg,Aux,pres,3.0,0,True,1.0
he,258,1,m,sg,PRP,,3.0,1,True,1.0
play,258,2,,sg,N,pres,1.0,2,True,0.0
?,258,1,,,.,,,3,True,1.0
does,259,2,,sg,Aux,pres,3.0,0,True,1.0
he,259,1,m,sg,PRP,,3.0,1,True,1.0
sing,259,2,,sg,V,pres,1.0,2,True,0.0
?,259,1,,,.,,,3,True,1.0
does,260,2,,sg,Aux,pres,3.0,0,True,1.0
he,260,1,m,sg,PRP,,3.0,1,True,1.0
sneeze,260,2,,sg,N,pres,1.0,2,True,0.0
?,260,1,,,.,,,3,True,1.0
does,261,2,,sg,Aux,pres,3.0,0,True,1.0
he,261,1,m,sg,PRP,,3.0,1,True,1.0
fall,261,2,,sg,N,pres,1.0,2,True,0.0
?,261,1,,,.,,,3,True,1.0
does,262,2,,sg,Aux,pres,3.0,0,True,1.0
he,262,1,m,sg,PRP,,3.0,1,True,1.0
disappear,262,3,,sg,N,pres,1.0,2,True,0.0
?,262,1,,,.,,,3,True,1.0
does,263,2,,sg,Aux,pres,3.0,0,True,1.0
he,263,1,m,sg,PRP,,3.0,1,True,1.0
vanish,263,2,,sg,N,pres,1.0,2,True,0.0
?,263,1,,,.,,,3,True,1.0
does,264,2,,sg,Aux,pres,3.0,0,True,1.0
she,264,1,f,sg,PRP,,3.0,1,True,1.0
play,264,2,,sg,N,pres,1.0,2,True,0.0
?,264,1,,,.,,,3,True,1.0
does,265,2,,sg,Aux,pres,3.0,0,True,1.0
she,265,1,f,sg,PRP,,3.0,1,True,1.0
sing,265,2,,sg,V,pres,1.0,2,True,0.0
?,265,1,,,.,,,3,True,1.0
does,266,2,,sg,Aux,pres,3.0,0,True,1.0
she,266,1,f,sg,PRP,,3.0,1,True,1.0
sneeze,266,2,,sg,N,pres,1.0,2,True,0.0
?,266,1,,,.,,,3,True,1.0
does,267,2,,sg,Aux,pres,3.0,0,True,1.0
she,267,1,f,sg,PRP,,3.0,1,True,1.0
fall,267,2,,sg,N,pres,1.0,2,True,0.0
?,267,1,,,.,,,3,True,1.0
does,268,2,,sg,Aux,pres,3.0,0,True,1.0
she,268,1,f,sg,PRP,,3.0,1,True,1.0
disappear,268,3,,sg,N,pres,1.0,2,True,0.0
?,268,1,,,.,,,3,True,1.0
does,269,2,,sg,Aux,pres,3.0,0,True,1.0
she,269,1,f,sg,PRP,,3.0,1,True,1.0
vanish,269,2,,sg,N,pres,1.0,2,True,0.0
?,269,1,,,.,,,3,True,1.0
did,270,1,,,Aux,past,,0,True,1.0
I,270,1,,sg,PRP,,1.0,1,True,1.0
play,270,2,,sg,N,pres,1.0,2,True,0.0
?,270,1,,,.,,,3,True,1.0
did,271,1,,,Aux,past,,0,True,1.0
I,271,1,,sg,PRP,,1.0,1,True,1.0
sing,271,2,,sg,V,pres,1.0,2,True,0.0
?,271,1,,,.,,,3,True,1.0
did,272,1,,,Aux,past,,0,True,1.0
I,272,1,,sg,PRP,,1.0,1,True,1.0
sneeze,272,2,,sg,N,pres,1.0,2,True,0.0
?,272,1,,,.,,,3,True,1.0
did,273,1,,,Aux,past,,0,True,1.0
I,273,1,,sg,PRP,,1.0,1,True,1.0
fall,273,2,,sg,N,pres,1.0,2,True,0.0
?,273,1,,,.,,,3,True,1.0
did,274,1,,,Aux,past,,0,True,1.0
I,274,1,,sg,PRP,,1.0,1,True,1.0
disappear,274,3,,sg,N,pres,1.0,2,True,0.0
?,274,1,,,.,,,3,True,1.0
did,275,1,,,Aux,past,,0,True,1.0
I,275,1,,sg,PRP,,1.0,1,True,1.0
vanish,275,2,,sg,N,pres,1.0,2,True,0.0
?,275,1,,,.,,,3,True,1.0
did,276,1,,,Aux,past,,0,True,1.0
you,276,1,,,PRP,,2.0,1,True,1.0
play,276,2,,pl,N,pres,,2,True,0.0
?,276,1,,,.,,,3,True,1.0
did,277,1,,,Aux,past,,0,True,1.0
you,277,1,,,PRP,,2.0,1,True,1.0
play,277,2,,sg,N,pres,1.0,2,True,0.0
?,277,1,,,.,,,3,True,1.0
did,278,1,,,Aux,past,,0,True,1.0
you,278,1,,,PRP,,2.0,1,True,1.0
sing,278,2,,pl,V,pres,,2,True,0.0
?,278,1,,,.,,,3,True,1.0
did,279,1,,,Aux,past,,0,True,1.0
you,279,1,,,PRP,,2.0,1,True,1.0
sing,279,2,,sg,V,pres,1.0,2,True,0.0
?,279,1,,,.,,,3,True,1.0
did,280,1,,,Aux,past,,0,True,1.0
you,280,1,,,PRP,,2.0,1,True,1.0
sneeze,280,2,,pl,N,pres,,2,True,0.0
?,280,1,,,.,,,3,True,1.0
did,281,1,,,Aux,past,,0,True,1.0
you,281,1,,,PRP,,2.0,1,True,1.0
sneeze,281,2,,sg,N,pres,1.0,2,True,0.0
?,281,1,,,.,,,3,True,1.0
did,282,1,,,Aux,past,,0,True,1.0
you,282,1,,,PRP,,2.0,1,True,1.0
fall,282,2,,pl,N,pres,,2,True,0.0
?,282,1,,,.,,,3,True,1.0
did,283,1,,,Aux,past,,0,True,1.0
you,283,1,,,PRP,,2.0,1,True,1.0
fall,283,2,,sg,N,pres,1.0,2,True,0.0
?,283,1,,,.,,,3,True,1.0
did,284,1,,,Aux,past,,0,True,1.0
you,284,1,,,PRP,,2.0,1,True,1.0
disappear,284,3,,pl,N,pres,,2,True,0.0
?,284,1,,,.,,,3,True,1.0
did,285,1,,,Aux,past,,0,True,1.0
you,285,1,,,PRP,,2.0,1,True,1.0
disappear,285,3,,sg,N,pres,1.0,2,True,0.0
?,285,1,,,.,,,3,True,1.0
did,286,1,,,Aux,past,,0,True,1.0
you,286,1,,,PRP,,2.0,1,True,1.0
vanish,286,2,,pl,N,pres,,2,True,0.0
?,286,1,,,.,,,3,True,1.0
did,287,1,,,Aux,past,,0,True,1.0
you,287,1,,,PRP,,2.0,1,True,1.0
vanish,287,2,,sg,N,pres,1.0,2,True,0.0
?,287,1,,,.,,,3,True,1.0
did,288,1,,,Aux,past,,0,True,1.0
he,288,1,m,sg,PRP,,3.0,1,True,1.0
play,288,2,,sg,N,pres,1.0,2,True,0.0
?,288,1,,,.,,,3,True,1.0
did,289,1,,,Aux,past,,0,True,1.0
he,289,1,m,sg,PRP,,3.0,1,True,1.0
sing,289,2,,sg,V,pres,1.0,2,True,0.0
?,289,1,,,.,,,3,True,1.0
did,290,1,,,Aux,past,,0,True,1.0
he,290,1,m,sg,PRP,,3.0,1,True,1.0
sneeze,290,2,,sg,N,pres,1.0,2,True,0.0
?,290,1,,,.,,,3,True,1.0
did,291,1,,,Aux,past,,0,True,1.0
he,291,1,m,sg,PRP,,3.0,1,True,1.0
fall,291,2,,sg,N,pres,1.0,2,True,0.0
?,291,1,,,.,,,3,True,1.0
did,292,1,,,Aux,past,,0,True,1.0
he,292,1,m,sg,PRP,,3.0,1,True,1.0
disappear,292,3,,sg,N,pres,1.0,2,True,0.0
?,292,1,,,.,,,3,True,1.0
did,293,1,,,Aux,past,,0,True,1.0
he,293,1,m,sg,PRP,,3.0,1,True,1.0
vanish,293,2,,sg,N,pres,1.0,2,True,0.0
?,293,1,,,.,,,3,True,1.0
did,294,1,,,Aux,past,,0,True,1.0
she,294,1,f,sg,PRP,,3.0,1,True,1.0
play,294,2,,sg,N,pres,1.0,2,True,0.0
?,294,1,,,.,,,3,True,1.0
did,295,1,,,Aux,past,,0,True,1.0
she,295,1,f,sg,PRP,,3.0,1,True,1.0
sing,295,2,,sg,V,pres,1.0,2,True,0.0
?,295,1,,,.,,,3,True,1.0
did,296,1,,,Aux,past,,0,True,1.0
she,296,1,f,sg,PRP,,3.0,1,True,1.0
sneeze,296,2,,sg,N,pres,1.0,2,True,0.0
?,296,1,,,.,,,3,True,1.0
did,297,1,,,Aux,past,,0,True,1.0
she,297,1,f,sg,PRP,,3.0,1,True,1.0
fall,297,2,,sg,N,pres,1.0,2,True,0.0
?,297,1,,,.,,,3,True,1.0
did,298,1,,,Aux,past,,0,True,1.0
she,298,1,f,sg,PRP,,3.0,1,True,1.0
disappear,298,3,,sg,N,pres,1.0,2,True,0.0
?,298,1,,,.,,,3,True,1.0
did,299,1,,,Aux,past,,0,True,1.0
she,299,1,f,sg,PRP,,3.0,1,True,1.0
vanish,299,2,,sg,N,pres,1.0,2,True,0.0
?,299,1,,,.,,,3,True,1.0
did,300,1,,,Aux,past,,0,True,1.0
we,300,1,,pl,PRP,,1.0,1,True,1.0
play,300,2,,pl,N,pres,,2,True,0.0
?,300,1,,,.,,,3,True,1.0
did,301,1,,,Aux,past,,0,True,1.0
we,301,1,,pl,PRP,,1.0,1,True,1.0
sing,301,2,,pl,V,pres,,2,True,0.0
?,301,1,,,.,,,3,True,1.0
did,302,1,,,Aux,past,,0,True,1.0
we,302,1,,pl,PRP,,1.0,1,True,1.0
sneeze,302,2,,pl,N,pres,,2,True,0.0
?,302,1,,,.,,,3,True,1.0
did,303,1,,,Aux,past,,0,True,1.0
we,303,1,,pl,PRP,,1.0,1,True,1.0
fall,303,2,,pl,N,pres,,2,True,0.0
?,303,1,,,.,,,3,True,1.0
did,304,1,,,Aux,past,,0,True,1.0
we,304,1,,pl,PRP,,1.0,1,True,1.0
disappear,304,3,,pl,N,pres,,2,True,0.0
?,304,1,,,.,,,3,True,1.0
did,305,1,,,Aux,past,,0,True,1.0
we,305,1,,pl,PRP,,1.0,1,True,1.0
vanish,305,2,,pl,N,pres,,2,True,0.0
?,305,1,,,.,,,3,True,1.0
did,306,1,,,Aux,past,,0,True,1.0
they,306,2,,pl,PRP,,3.0,1,True,1.0
play,306,2,,pl,N,pres,,2,True,0.0
?,306,1,,,.,,,3,True,1.0
did,307,1,,,Aux,past,,0,True,1.0
they,307,2,,pl,PRP,,3.0,1,True,1.0
sing,307,2,,pl,V,pres,,2,True,0.0
?,307,1,,,.,,,3,True,1.0
did,308,1,,,Aux,past,,0,True,1.0
they,308,2,,pl,PRP,,3.0,1,True,1.0
sneeze,308,2,,pl,N,pres,,2,True,0.0
?,308,1,,,.,,,3,True,1.0
did,309,1,,,Aux,past,,0,True,1.0
they,309,2,,pl,PRP,,3.0,1,True,1.0
fall,309,2,,pl,N,pres,,2,True,0.0
?,309,1,,,.,,,3,True,1.0
did,310,1,,,Aux,past,,0,True,1.0
they,310,2,,pl,PRP,,3.0,1,True,1.0
disappear,310,3,,pl,N,pres,,2,True,0.0
?,310,1,,,.,,,3,True,1.0
did,311,1,,,Aux,past,,0,True,1.0
they,311,2,,pl,PRP,,3.0,1,True,1.0
vanish,311,2,,pl,N,pres,,2,True,0.0
?,311,1,,,.,,,3,True,1.0
who,312,1,,,W,,3.0,0,True,1.0
plays,312,2,,sg,N,pres,3.0,1,True,0.0
?,312,1,,,.,,,2,True,1.0
who,313,1,,,W,,3.0,0,True,1.0
sings,313,2,,sg,N,pres,3.0,1,True,0.0
?,313,1,,,.,,,2,True,1.0
who,314,1,,,W,,3.0,0,True,1.0
sneezes,314,3,,sg,N,pres,3.0,1,True,0.0
?,314,1,,,.,,,2,True,1.0
who,315,1,,,W,,3.0,0,True,1.0
played,315,2,,,N,past,,1,True,0.0
?,315,1,,,.,,,2,True,1.0
who,316,1,,,W,,3.0,0,True,1.0
sang,316,2,,,N,past,,1,True,0.0
?,316,1,,,.,,,2,True,1.0
who,317,1,,,W,,3.0,0,True,1.0
sneezed,317,3,,,V,past,,1,True,0.0
?,317,1,,,.,,,2,True,1.0
who,318,1,,,W,,3.0,0,True,1.0
falls,318,2,,sg,N,pres,3.0,1,True,0.0
?,318,1,,,.,,,2,True,1.0
who,319,1,,,W,,3.0,0,True,1.0
disappears,319,3,,sg,N,pres,3.0,1,True,0.0
?,319,1,,,.,,,2,True,1.0
who,320,1,,,W,,3.0,0,True,1.0
vanishes,320,3,,sg,N,pres,3.0,1,True,0.0
?,320,1,,,.,,,2,True,1.0
who,321,1,,,W,,3.0,0,True,1.0
fell,321,2,,,V,past,,1,True,0.0
?,321,1,,,.,,,2,True,1.0
who,322,1,,,W,,3.0,0,True,1.0
disappeared,322,3,,,V,past,,1,True,0.0
?,322,1,,,.,,,2,True,1.0
who,323,1,,,W,,3.0,0,True,1.0
vanished,323,3,,,N,past,,1,True,0.0
?,323,1,,,.,,,2,True,1.0
which,324,2,,,W,,3.0,0,True,2.0
woman,324,2,f,sg,N,,3.0,1,True,1.0
plays,324,2,,sg,N,pres,3.0,2,True,0.0
?,324,1,,,.,,,3,True,1.0
which,325,2,,,W,,3.0,0,True,2.0
woman,325,2,f,sg,N,,3.0,1,True,1.0
sings,325,2,,sg,N,pres,3.0,2,True,0.0
?,325,1,,,.,,,3,True,1.0
which,326,2,,,W,,3.0,0,True,2.0
woman,326,2,f,sg,N,,3.0,1,True,1.0
sneezes,326,3,,sg,N,pres,3.0,2,True,0.0
?,326,1,,,.,,,3,True,1.0
which,327,2,,,W,,3.0,0,True,2.0
woman,327,2,f,sg,N,,3.0,1,True,1.0
played,327,2,,,N,past,,2,True,0.0
?,327,1,,,.,,,3,True,1.0
which,328,2,,,W,,3.0,0,True,2.0
woman,328,2,f,sg,N,,3.0,1,True,1.0
sang,328,2,,,N,past,,2,True,0.0
?,328,1,,,.,,,3,True,1.0
which,329,2,,,W,,3.0,0,True,2.0
woman,329,2,f,sg,N,,3.0,1,True,1.0
sneezed,329,3,,,V,past,,2,True,0.0
?,329,1,,,.,,,3,True,1.0
which,330,2,,,W,,3.0,0,True,2.0
woman,330,2,f,sg,N,,3.0,1,True,1.0
falls,330,2,,sg,N,pres,3.0,2,True,0.0
?,330,1,,,.,,,3,True,1.0
which,331,2,,,W,,3.0,0,True,2.0
woman,331,2,f,sg,N,,3.0,1,True,1.0
disappears,331,3,,sg,N,pres,3.0,2,True,0.0
?,331,1,,,.,,,3,True,1.0
which,332,2,,,W,,3.0,0,True,2.0
woman,332,2,f,sg,N,,3.0,1,True,1.0
vanishes,332,3,,sg,N,pres,3.0,2,True,0.0
?,332,1,,,.,,,3,True,1.0
which,333,2,,,W,,3.0,0,True,2.0
woman,333,2,f,sg,N,,3.0,1,True,1.0
fell,333,2,,,V,past,,2,True,0.0
?,333,1,,,.,,,3,True,1.0
which,334,2,,,W,,3.0,0,True,2.0
woman,334,2,f,sg,N,,3.0,1,True,1.0
disappeared,334,3,,,V,past,,2,True,0.0
?,334,1,,,.,,,3,True,1.0
which,335,2,,,W,,3.0,0,True,2.0
woman,335,2,f,sg,N,,3.0,1,True,1.0
vanished,335,3,,,N,past,,2,True,0.0
?,335,1,,,.,,,3,True,1.0
which,336,2,,,W,,3.0,0,True,2.0
man,336,1,m,sg,N,,3.0,1,True,1.0
plays,336,2,,sg,N,pres,3.0,2,True,0.0
?,336,1,,,.,,,3,True,1.0
which,337,2,,,W,,3.0,0,True,2.0
man,337,1,m,sg,N,,3.0,1,True,1.0
sings,337,2,,sg,N,pres,3.0,2,True,0.0
?,337,1,,,.,,,3,True,1.0
which,338,2,,,W,,3.0,0,True,2.0
man,338,1,m,sg,N,,3.0,1,True,1.0
sneezes,338,3,,sg,N,pres,3.0,2,True,0.0
?,338,1,,,.,,,3,True,1.0
which,339,2,,,W,,3.0,0,True,2.0
man,339,1,m,sg,N,,3.0,1,True,1.0
played,339,2,,,N,past,,2,True,0.0
?,339,1,,,.,,,3,True,1.0
which,340,2,,,W,,3.0,0,True,2.0
man,340,1,m,sg,N,,3.0,1,True,1.0
sang,340,2,,,N,past,,2,True,0.0
?,340,1,,,.,,,3,True,1.0
which,341,2,,,W,,3.0,0,True,2.0
man,341,1,m,sg,N,,3.0,1,True,1.0
sneezed,341,3,,,V,past,,2,True,0.0
?,341,1,,,.,,,3,True,1.0
which,342,2,,,W,,3.0,0,True,2.0
man,342,1,m,sg,N,,3.0,1,True,1.0
falls,342,2,,sg,N,pres,3.0,2,True,0.0
?,342,1,,,.,,,3,True,1.0
which,343,2,,,W,,3.0,0,True,2.0
man,343,1,m,sg,N,,3.0,1,True,1.0
disappears,343,3,,sg,N,pres,3.0,2,True,0.0
?,343,1,,,.,,,3,True,1.0
which,344,2,,,W,,3.0,0,True,2.0
man,344,1,m,sg,N,,3.0,1,True,1.0
vanishes,344,3,,sg,N,pres,3.0,2,True,0.0
?,344,1,,,.,,,3,True,1.0
which,345,2,,,W,,3.0,0,True,2.0
man,345,1,m,sg,N,,3.0,1,True,1.0
fell,345,2,,,V,past,,2,True,0.0
?,345,1,,,.,,,3,True,1.0
which,346,2,,,W,,3.0,0,True,2.0
man,346,1,m,sg,N,,3.0,1,True,1.0
disappeared,346,3,,,V,past,,2,True,0.0
?,346,1,,,.,,,3,True,1.0
which,347,2,,,W,,3.0,0,True,2.0
man,347,1,m,sg,N,,3.0,1,True,1.0
vanished,347,3,,,N,past,,2,True,0.0
?,347,1,,,.,,,3,True,1.0
which,348,2,,,W,,3.0,0,True,1.0
women,348,2,f,pl,N,,3.0,1,True,1.0
play,348,2,,pl,N,pres,,2,True,0.0
?,348,1,,,.,,,3,True,1.0
which,349,2,,,W,,3.0,0,True,1.0
women,349,2,f,pl,N,,3.0,1,True,1.0
sing,349,2,,pl,V,pres,,2,True,0.0
?,349,1,,,.,,,3,True,1.0
which,350,2,,,W,,3.0,0,True,1.0
women,350,2,f,pl,N,,3.0,1,True,1.0
sneeze,350,2,,pl,N,pres,,2,True,0.0
?,350,1,,,.,,,3,True,1.0
which,351,2,,,W,,3.0,0,True,1.0
women,351,2,f,pl,N,,3.0,1,True,1.0
played,351,2,,,N,past,,2,True,0.0
?,351,1,,,.,,,3,True,1.0
which,352,2,,,W,,3.0,0,True,1.0
women,352,2,f,pl,N,,3.0,1,True,1.0
sang,352,2,,,N,past,,2,True,0.0
?,352,1,,,.,,,3,True,1.0
which,353,2,,,W,,3.0,0,True,1.0
women,353,2,f,pl,N,,3.0,1,True,1.0
sneezed,353,3,,,V,past,,2,True,0.0
?,353,1,,,.,,,3,True,1.0
which,354,2,,,W,,3.0,0,True,1.0
women,354,2,f,pl,N,,3.0,1,True,1.0
fall,354,2,,pl,N,pres,,2,True,0.0
?,354,1,,,.,,,3,True,1.0
which,355,2,,,W,,3.0,0,True,1.0
women,355,2,f,pl,N,,3.0,1,True,1.0
disappear,355,3,,pl,N,pres,,2,True,0.0
?,355,1,,,.,,,3,True,1.0
which,356,2,,,W,,3.0,0,True,1.0
women,356,2,f,pl,N,,3.0,1,True,1.0
vanish,356,2,,pl,N,pres,,2,True,0.0
?,356,1,,,.,,,3,True,1.0
which,357,2,,,W,,3.0,0,True,1.0
women,357,2,f,pl,N,,3.0,1,True,1.0
fell,357,2,,,V,past,,2,True,0.0
?,357,1,,,.,,,3,True,1.0
which,358,2,,,W,,3.0,0,True,1.0
women,358,2,f,pl,N,,3.0,1,True,1.0
disappeared,358,3,,,V,past,,2,True,0.0
?,358,1,,,.,,,3,True,1.0
which,359,2,,,W,,3.0,0,True,1.0
women,359,2,f,pl,N,,3.0,1,True,1.0
vanished,359,3,,,N,past,,2,True,0.0
?,359,1,,,.,,,3,True,1.0
which,360,2,,,W,,3.0,0,True,1.0
men,360,1,m,pl,N,,3.0,1,True,1.0
play,360,2,,pl,N,pres,,2,True,0.0
?,360,1,,,.,,,3,True,1.0
which,361,2,,,W,,3.0,0,True,1.0
men,361,1,m,pl,N,,3.0,1,True,1.0
sing,361,2,,pl,V,pres,,2,True,0.0
?,361,1,,,.,,,3,True,1.0
which,362,2,,,W,,3.0,0,True,2.0
men,362,1,m,pl,N,,3.0,1,True,1.0
sneeze,362,2,,pl,N,pres,,2,True,0.0
?,362,1,,,.,,,3,True,1.0
which,363,2,,,W,,3.0,0,True,1.0
men,363,1,m,pl,N,,3.0,1,True,1.0
played,363,2,,,N,past,,2,True,0.0
?,363,1,,,.,,,3,True,1.0
which,364,2,,,W,,3.0,0,True,1.0
men,364,1,m,pl,N,,3.0,1,True,1.0
sang,364,2,,,N,past,,2,True,0.0
?,364,1,,,.,,,3,True,1.0
which,365,2,,,W,,3.0,0,True,1.0
men,365,1,m,pl,N,,3.0,1,True,1.0
sneezed,365,3,,,V,past,,2,True,0.0
?,365,1,,,.,,,3,True,1.0
which,366,2,,,W,,3.0,0,True,1.0
men,366,1,m,pl,N,,3.0,1,True,1.0
fall,366,2,,pl,N,pres,,2,True,0.0
?,366,1,,,.,,,3,True,1.0
which,367,2,,,W,,3.0,0,True,1.0
men,367,1,m,pl,N,,3.0,1,True,1.0
disappear,367,3,,pl,N,pres,,2,True,0.0
?,367,1,,,.,,,3,True,1.0
which,368,2,,,W,,3.0,0,True,1.0
men,368,1,m,pl,N,,3.0,1,True,1.0
vanish,368,2,,pl,N,pres,,2,True,0.0
?,368,1,,,.,,,3,True,1.0
which,369,2,,,W,,3.0,0,True,1.0
men,369,1,m,pl,N,,3.0,1,True,1.0
fell,369,2,,,V,past,,2,True,0.0
?,369,1,,,.,,,3,True,1.0
which,370,2,,,W,,3.0,0,True,1.0
men,370,1,m,pl,N,,3.0,1,True,1.0
disappeared,370,3,,,V,past,,2,True,0.0
?,370,1,,,.,,,3,True,1.0
which,371,2,,,W,,3.0,0,True,1.0
men,371,1,m,pl,N,,3.0,1,True,1.0
vanished,371,3,,,N,past,,2,True,0.0
?,371,1,,,.,,,3,True,1.0
which,372,2,,,W,,3.0,0,True,2.0
book,372,2,,sg,N,,3.0,1,True,1.0
falls,372,2,,sg,N,pres,3.0,2,True,0.0
?,372,1,,,.,,,3,True,1.0
which,373,2,,,W,,3.0,0,True,2.0
book,373,2,,sg,N,,3.0,1,True,1.0
disappears,373,3,,sg,N,pres,3.0,2,True,0.0
?,373,1,,,.,,,3,True,1.0
which,374,2,,,W,,3.0,0,True,1.0
book,374,2,,sg,N,,3.0,1,True,1.0
vanishes,374,3,,sg,N,pres,3.0,2,True,0.0
?,374,1,,,.,,,3,True,1.0
which,375,2,,,W,,3.0,0,True,2.0
book,375,2,,sg,N,,3.0,1,True,1.0
fell,375,2,,,V,past,,2,True,0.0
?,375,1,,,.,,,3,True,1.0
which,376,2,,,W,,3.0,0,True,2.0
book,376,2,,sg,N,,3.0,1,True,1.0
disappeared,376,3,,,V,past,,2,True,0.0
?,376,1,,,.,,,3,True,1.0
which,377,2,,,W,,3.0,0,True,2.0
book,377,2,,sg,N,,3.0,1,True,1.0
vanished,377,3,,,N,past,,2,True,0.0
?,377,1,,,.,,,3,True,1.0
which,378,2,,,W,,3.0,0,True,2.0
books,378,2,,pl,N,,3.0,1,True,1.0
fall,378,2,,pl,N,pres,,2,True,0.0
?,378,1,,,.,,,3,True,1.0
which,379,2,,,W,,3.0,0,True,2.0
books,379,2,,pl,N,,3.0,1,True,1.0
disappear,379,3,,pl,N,pres,,2,True,0.0
?,379,1,,,.,,,3,True,1.0
which,380,2,,,W,,3.0,0,True,2.0
books,380,2,,pl,N,,3.0,1,True,1.0
vanish,380,2,,pl,N,pres,,2,True,0.0
?,380,1,,,.,,,3,True,1.0
which,381,2,,,W,,3.0,0,True,2.0
books,381,2,,pl,N,,3.0,1,True,1.0
fell,381,2,,,V,past,,2,True,0.0
?,381,1,,,.,,,3,True,1.0
which,382,2,,,W,,3.0,0,True,2.0
books,382,2,,pl,N,,3.0,1,True,1.0
disappeared,382,3,,,V,past,,2,True,0.0
?,382,1,,,.,,,3,True,1.0
which,383,2,,,W,,3.0,0,True,2.0
books,383,2,,pl,N,,3.0,1,True,1.0
vanished,383,3,,,N,past,,2,True,0.0
?,383,1,,,.,,,3,True,1.0
